[
  { "name": "Asuna", "series": "Sword Art Online", "rarity": "SSR", "rate": 5, "hp": 150, "skill": "Healing Slash", "image": "https://link-to-asuna.jpg" },
  { "name": "Rem", "series": "Re:Zero", "rarity": "SR", "rate": 10, "hp": 120, "skill": "Ice Spear", "image": "https://link-to-rem.jpg" },
  { "name": "Zero Two", "series": "Darling in the FranXX", "rarity": "SSR", "rate": 5, "hp": 160, "skill": "Horn Strike", "image": "https://link-to-zerotwo.jpg" },
  { "name": "Mikasa", "series": "Attack on Titan", "rarity": "R", "rate": 20, "hp": 100, "skill": "Blade Rush", "image": "https://link-to-mikasa.jpg" },
  { "name": "Saber", "series": "Fate/stay night", "rarity": "SR", "rate": 10, "hp": 130, "skill": "Excalibur", "image": "https://link-to-saber.jpg" },
  { "name": "Rin", "series": "Fate/Stay Night", "rarity": "R", "rate": 20, "hp": 110, "skill": "Mage Strike", "image": "https://link-to-rin.jpg" },
  { "name": "Taiga", "series": "Toradora!", "rarity": "R", "rate": 15, "hp": 100, "skill": "Tiger Roar", "image": "https://link-to-taiga.jpg" },
  { "name": "Megumin", "series": "Konosuba", "rarity": "SR", "rate": 10, "hp": 90, "skill": "Explosion", "image": "https://link-to-megumin.jpg" },
  { "name": "Remilia", "series": "Touhou", "rarity": "R", "rate": 20, "hp": 100, "skill": "Scarlet Strike", "image": "https://link-to-remilia.jpg" },
  { "name": "Yuki", "series": "Vivy", "rarity": "R", "rate": 15, "hp": 110, "skill": "Snow Blade", "image": "https://link-to-yuki.jpg" },
  { "name": "Hinata", "series": "Naruto", "rarity": "SR", "rate": 10, "hp": 120, "skill": "Gentle Fist", "image": "https://link-to-hinata.jpg" },
  { "name": "Sakura", "series": "Cardcaptor Sakura", "rarity": "R", "rate": 20, "hp": 100, "skill": "Seal Magic", "image": "https://link-to-sakura.jpg" },
  { "name": "Kanna", "series": "Miss Kobayashi", "rarity": "R", "rate": 20, "hp": 90, "skill": "Dragon Breath", "image": "https://link-to-kanna.jpg" },
  { "name": "Taeko", "series": "Azumanga Daioh", "rarity": "R", "rate": 25, "hp": 80, "skill": "Classy Punch", "image": "https://link-to-taeko.jpg" },
  { "name": "Lucy", "series": "Elfen Lied", "rarity": "SR", "rate": 10, "hp": 130, "skill": "Vectors", "image": "https://link-to-lucy.jpg" },
  { "name": "Homura", "series": "Madoka Magica", "rarity": "SR", "rate": 10, "hp": 125, "skill": "Time Stop", "image": "https://link-to-homura.jpg" },
  { "name": "Madoka", "series": "Madoka Magica", "rarity": "R", "rate": 20, "hp": 100, "skill": "Magical Blast", "image": "https://link-to-madoka.jpg" },
  { "name": "Nezuko", "series": "Demon Slayer", "rarity": "SR", "rate": 10, "hp": 140, "skill": "Blood Demon Art", "image": "https://link-to-nezuko.jpg" },
  { "name": "Kaguya", "series": "Naruto", "rarity": "SSR", "rate": 5, "hp": 160, "skill": "Moon Strike", "image": "https://link-to-kaguya.jpg" },
  { "name": "Mai", "series": "Avatar", "rarity": "R", "rate": 20, "hp": 100, "skill": "Fire Spin", "image": "https://link-to-mai.jpg" }
]
